Seccion	Circuito	Nombre Seccion	Nombre Circuito	Electores 2007	Electores 2011	Electores 2013	Electores 2015	Electores 2017
1	11M	CAPITAL	VALLE ESCONDIDO	423	1509	2764	3960	4742
1	4E	CAPITAL	NUESTRO HOGAR III	260	976	1512	2135	2596
1	14H	CAPITAL	MERCANTIL	892	1002	1211	3606	4663
21	326C	SANTA MARIA	SAN NICOLAS		497	879	1744	2461
1	13O	CAPITAL	CHACHAPOYAS	382	682	904	1265	1382
12	158B	PUNILLA	ESTANCIA VIEJA	372	530	658	1038	1300
21	316F	SANTA MARIA	VALLE DE ANIZACATE	302	420	488	793	1040
1	5H	CAPITAL	VILLA BOEDO	596	1030	1527	1742	1944
1	10M	CAPITAL	AMPLIACION CABILDO		575	982	1555	1868
19	276	SAN JAVIER	YACANTO	384	459	787	1177	1236
2	20B	CALAMUCHITA	VI.CIUD.PQUE.LOS REARTES	437	606	653	1095	1368
1	12I	CAPITAL	CIUDAD DE MIS SUEÑOS	813	1359	1719	2326	2535
1	4F	CAPITAL	CIUDAD OBISPO ANGELELLI	880	1355	1735	2325	2679
1	4D	CAPITAL	VILLA EUCARISTICA	795	981	1451	1942	2225
3	40A	COLON	MENDIOLAZA	4147	5487	6903	9937	11529
1	11L	CAPITAL	COUNTRYS DEL OESTE	1007	1603	2224	2576	2772
1	6E	CAPITAL	LA FLORESTA SUD	852	1308	1677	2121	2291
18	263C	SAN ALBERTO	ARROYO DE LOS PATOS	266	379	444	610	713
1	5I	CAPITAL	COLINAS DEL SUR	1941	3258	4032	4756	5111
21	316A	SANTA MARIA	ANIZACATE	1832	2405	2951	4043	4759
21	316G	SANTA MARIA	VILLA EL PRADO	684	769	959	1365	1717
21	326B	SANTA MARIA	BARRIO PRIMERO DE MAYO	701	836	1045	1348	1730
19	269A	SAN JAVIER	QUEBRACHO LADEADO	170	170	155	254	398
12	147B	PUNILLA	VILLA PARQUE SIQUIMAN	913	1123	1240	1746	2105
4	46B	CRUZ DEL EJE	ALTO DE LOS QUEBRACHOS	169	180	270	430	388
12	156D	PUNILLA	SAN ANTONIO DE ARREDONDO	2086	2752	3437	4474	4750
2	23	CALAMUCHITA	VILLA YACANTO	760	937	1026	1443	1673
21	316J	SANTA MARIA	VILLA PARQUE SANTA ANA	1399	1611	1883	2572	2999
2	20	CALAMUCHITA	LOS REARTES	710	942	1031	1328	1513
1	10K	CAPITAL	VICOR	2626	3341	4117	4888	5551
12	158C	PUNILLA	VILLA SANTA CRUZ DEL LAGO	1365	1710	2022	2540	2881
21	328	SANTA MARIA	POTRERO DE GARAY	646	899	972	1241	1363
12	158A	PUNILLA	CABALANGO	280	307	303	440	585
1	13L	CAPITAL	VILLA GRAN PARQUE	223	301	372	420	461
21	316E	SANTA MARIA	LOS CEDROS	594	826	909	1136	1219
2	328A	CALAMUCHITA	LA CUMBRECITA	411	465	641	762	834
4	57	CRUZ DEL EJE	TUCLAME	656	667	592	1219	1322
12	156B	PUNILLA	CUESTA BLANCA	239	306	348	425	477
12	156C	PUNILLA	MAYU SUMAJ	640	753	895	1115	1244
10	138	MINAS	CIENAGA DEL CORO	492	605	751	926	946
3	31B	COLON	VILLA CERRO AZUL	199	212	240	363	382
1	8	CAPITAL	LA FLORESTA NORTE	412	523	598	702	784
3	28A	COLON	CALERA CENTRAL	7141	8555	10290	12301	13522
4	46	CRUZ DEL EJE	GUANACO MUERTO	494	599	691	958	932
21	316B	SANTA MARIA	LA PAISANITA	93	106	131	165	173
3	35	COLON	MALVINAS ARGENTINAS	7134	8454	9851	11928	13138
12	156A	PUNILLA	YCHO CRUZ	985	1176	1339	1620	1802
12	147A	PUNILLA	SAN ROQUE	707	843	856	1103	1293
2	18D	CALAMUCHITA	VILLA QUILLINZO	93	95	94	160	169
1	13D	CAPITAL	JARDIN ARENALES	1515	1859	2199	2553	2733
12	149	PUNILLA	CASA GRANDE	424	527	545	643	763
3	34	COLON	JUAREZ CELMAN	6317	7344	8007	9863	11360
21	316H	SANTA MARIA	VILLA LA BOLSA	615	738	823	974	1103
11	146B	POCHO	SAN JERONIMO	153	160	162	290	274
3	41A	COLON	SALDAN	6813	8004	8731	10787	12096
24	357	TOTORAL	SINSACATE	1127	1285	1465	1774	1995
21	316D	SANTA MARIA	LA SERRANITA	269	307	344	427	471
1	14Q	CAPITAL	VILLA WARCALDE	724	883	1028	1168	1266
21	316I	SANTA MARIA	VILLA LOS AROMOS	547	624	662	850	956
9	122	MARCOS JUAREZ	BARGE	162	143	161	228	283
1	11F	CAPITAL	LOS ROBLES	4825	5577	6498	7350	8340
1	12A	CAPITAL	CARCANO	3370	4140	4834	5497	5820
1	5C	CAPITAL	EMPALME	10665	15675	17173	17670	18384
3	35A	COLON	MI GRANJA	598	736	763	915	1024
3	38	COLON	SALSIPUEDES	5733	6767	7167	8733	9743
12	151	PUNILLA	CHARBONIER	422	465	561	658	704
21	328B	SANTA MARIA	VILLA CIUDAD DE AMERICA	513	515	578	744	850
19	275A	SAN JAVIER	LOS CERRILLOS	1389	1580	1717	2021	2299
1	14C	CAPITAL	ARGUELLO SEGUNDO	3026	3595	4232	4650	5006
18	261A	SAN ALBERTO	SAN LORENZO	638	729	814	961	1053
1	14A	CAPITAL	ARGUELLO NORTE	11218	13415	15498	17290	18293
1	13G	CAPITAL	PARQUE LICEO	11663	14254	15877	17986	18982
12	147	PUNILLA	BIALET MASSE	3805	4337	4693	5554	6163
14	211	RIO PRIMERO	MONTE CRISTO	6272	6926	8217	9441	10150
7	91C	ISCHILIN	VILLA GUTIERREZ	189	206	237	279	305
21	316C	SANTA MARIA	LA RANCHERITA	104	114	135	159	167
21	324	SANTA MARIA	FALDA DEL CARMEN	894	836	994	1266	1433
18	265C	SAN ALBERTO	SAUCE ARRIBA	541	606	672	797	865
4	54	CRUZ DEL EJE	SAN MARCOS SIERRAS	1598	1792	1968	2333	2555
19	274A	SAN JAVIER	LA POBLACION	315	336	355	459	503
21	317	SANTA MARIA	BAJO CHICO	204	217	227	298	324
1	14E	CAPITAL	CERRO NORTE	4192	5084	5863	6463	6648
2	15A	CALAMUCHITA	VILLA AMANCAY	359	420	416	505	567
2	24A	CALAMUCHITA	VILLA DEL DIQUE	2249	2600	2889	3325	3550
1	14I	CAPITAL	SANTA CECILIA	3441	3935	4610	5146	5406
2	20A	CALAMUCHITA	VILLA GENERAL BELGRANO	5285	6163	6568	7501	8272
13	172	RIO CUARTO	HOLMBERG	3422	3768	3996	4707	5333
20	295A	SAN JUSTO	TORO PUJIO	187	203	207	252	291
1	12H	CAPITAL	LOS CERVECEROS	7337	8095	9223	10415	11415
4	44A	CRUZ DEL EJE	LAS PLAYAS	485	481	483	618	754
4	55A	CRUZ DEL EJE	LA BATEA	134	121	117	169	207
3	30	COLON	COLONIA TIROLESA	4100	4187	4362	5315	6265
20	288A	SAN JUSTO	VILLA SAN ESTEBAN	127	127	115	189	194
2	26	CALAMUCHITA	SANTA ROSA	8238	9317	10165	11640	12509
19	271	SAN JAVIER	LAS TAPIAS	1086	1223	1347	1523	1648
10	138D	MINAS	TOSNO	125	154	152	186	189
3	41	COLON	VILLA ALLENDE	20172	23028	25958	28954	30499
3	28	COLON	CALERA	12465	14177	15668	17439	18809
1	5F	CAPITAL	RENACIMIENTO	3131	3635	4087	4482	4715
24	352A	TOTORAL	LOS MISTOLES	99	118	132	144	149
13	179	RIO CUARTO	LAS HIGUERAS	4646	5073	5273	6209	6992
15	227B	RIO SECO	CERRO COLORADO	234	279	295	339	351
26	372A	UNION	ANA ZUMARAN	135	126	135	175	202
12	152A	PUNILLA	VILLA GIARDINO	3632	4107	4273	4997	5428
1	4C	CAPITAL	INAUDI	3114	3487	3922	4300	4652
3	27	COLON	ASCOCHINGA	2240	2428	2711	3132	3327
12	155	PUNILLA	SAN ESTEBAN	543	642	671	753	805
12	158	PUNILLA	TANTI	4401	4878	5195	5927	6518
13	187	RIO CUARTO	PUEYRREDON	75	80	81	103	111
1	13K	CAPITAL	VILLA ESQUIU	1560	1644	1845	2110	2307
21	331	SANTA MARIA	TOLEDO	3208	3480	3660	4299	4742
1	8A	CAPITAL	PALMAR	2756	3327	3617	3931	4073
1	14	CAPITAL	ARGUELLO	4873	5206	6143	6656	7191
19	270	SAN JAVIER	LAS ROSAS	3246	3371	3771	4364	4780
4	50A	CRUZ DEL EJE	LOS CHAÑARITOS	546	560	614	769	802
2	16A	CALAMUCHITA	VILLA LA MERCED	69	75	55	34	101
18	261	SAN ALBERTO	BROCHERO	4087	4740	5158	5650	5979
21	330	SANTA MARIA	SAN ISIDRO	446	476	555	623	650
18	263E	SAN ALBERTO	LAS RABONAS	537	612	648	717	779
3	40	COLON	UNQUILLO	12439	13776	15135	16893	18018
4	45	CRUZ DEL EJE	EL BRETE	980	924	895	1172	1414
3	37	COLON	RIO CEBALLOS	13511	15306	16338	18297	19465
1	11G	CAPITAL	PARQUE REPUBLICA	9622	10748	11928	12985	13858
19	272	SAN JAVIER	LOS HORNILLOS	892	903	978	1169	1283
6	73	GRAL SAN MARTIN	ARROYO ALGODON	1060	1124	1145	1492	1521
1	11I	CAPITAL	RESIDENCIAL SAN ROQUE	11187	12552	13803	14962	16007
2	24	CALAMUCHITA	RUMIPAL	1861	2041	2176	2439	2662
1	10D	CAPITAL	CONGRESO	2455	2811	3086	3290	3496
18	262	SAN ALBERTO	MINA CLAVERO	6202	6856	7625	8252	8822
6	90	GRAL SAN MARTIN	VILLA NUEVA	13175	14162	15811	17530	18740
18	263	SAN ALBERTO	NONO	1731	1985	2130	2381	2462
21	319	SANTA MARIA	BOUWER	1131	1431	1532	1553	1601
24	355	TOTORAL	SARMIENTO	809	905	951	1088	1145
1	12D	CAPITAL	JOSE IGNACIO DIAZ	19031	21122	23466	25343	26913
13	178B	RIO CUARTO	VILLA EL CHACAY	97	85	80	126	137
26	401	UNION	SANTA MARIA	161	157	197	204	226
26	374	UNION	BALLESTEROS SUD	609	644	622	675	854
1	11	CAPITAL	AERONAUTICO	3379	3751	4117	4503	4728
3	31A	COLON	AGUA DE ORO	1734	1866	1896	2220	2420
18	265	SAN ALBERTO	SAN PEDRO	3293	3729	3992	4175	4588
24	358	TOTORAL	SITON	472	477	491	626	653
15	229	RIO SECO	VILLA DE MARIA	3678	3942	4421	4823	5088
1	14O	CAPITAL	VILLA 9 DE JULIO	5581	6266	7001	7248	7703
10	141A	MINAS	EL CHACHO	117	129	134	158	161
12	157	PUNILLA	SANTA MARIA	6331	6995	7312	8095	8666
10	142A	MINAS	TALAINI	106	129	131	152	145
19	269	SAN JAVIER	LA PAZ	2241	2402	2574	2852	3062
18	263D	SAN ALBERTO	LAS CALLES	392	429	466	506	535
3	29	COLON	COLONIA CAROYA	12789	14318	15523	16651	17415
21	326	SANTA MARIA	MALAGUEÑO	5393	5806	6460	6972	7295
10	139	MINAS	GUASAPAMPA	222	205	205	290	300
7	100	ISCHILIN	QUILINO VILLA	882	888	875	983	1189
18	264	SAN ALBERTO	PANAHOLMA	296	303	320	396	399
1	10A	CAPITAL	CABILDO	3756	4030	4436	4776	5049
12	148	PUNILLA	CAPILLA DEL MONTE	8004	8659	9466	10340	10721
25	361	TULUMBA	LAS ARRIAS	1522	1747	1805	2046	2035
7	91B	ISCHILIN	LOS POZOS	98	103	105	118	131
20	315	SAN JUSTO	VIGNAUD	513	597	624	645	685
16	237	RIO SEGUNDO	LUQUE	4321	4694	5185	5555	5751
18	265A	SAN ALBERTO	VILLA SARMIENTO	3534	4021	4234	4457	4694
4	56	CRUZ DEL EJE	SOTO	5786	6120	6716	7152	7667
16	240	RIO SEGUNDO	PILAR	9933	10830	11371	12441	13127
24	359	TOTORAL	VILLA DEL TOTORAL	6077	6570	7230	7756	8031
1	12E	CAPITAL	FERREYRA	3811	4026	4425	4774	5033
1	14G	CAPITAL	LOS BOULEVARES	7153	7769	8483	9028	9437
1	13I	CAPITAL	SAN JORGE	4714	5208	5706	6024	6206
12	152	PUNILLA	HUERTA GRANDE	4607	4882	5221	5650	6037
20	309	SAN JUSTO	SAN BARTOLOME	1319	1369	1452	1549	1728
25	364	TULUMBA	LA DORMIDA	3518	3757	4155	4459	4606
13	165	RIO CUARTO	BANDA NORTE	23518	25940	28072	30030	30777
10	142	MINAS	SAN CARLOS	1611	1630	1822	2028	2103
5	58	GENERAL ROCA	BRUZONE	201	227	235	240	262
15	227D	RIO SECO	SANTA ELENA	270	292	311	346	350
14	218	RIO PRIMERO	RIO PRIMERO	5385	5722	6242	6644	6965
13	178	RIO CUARTO	LAS CAÑITAS	55	39	43	49	71
1	10I	CAPITAL	PARQUE HORIZONTE	8122	8101	9162	9858	10449
1	12G	CAPITAL	ITUZAINGO	8630	9342	9995	10548	11101
21	326A	SANTA MARIA	YOCSINA	2326	2041	2251	2634	2991
14	203	RIO PRIMERO	PEDRO E.VIVAS	283	345	361	352	363
21	316	SANTA MARIA	ALTA GRACIA	34151	37155	39656	41867	43769
12	150	PUNILLA	COSQUIN	15546	16523	17799	19042	19887
14	204	RIO PRIMERO	LA PARA	2955	3190	3470	3669	3769
8	109	JUAREZ CELMAN	DEHEZA	7740	8448	9066	9509	9869
13	160A	RIO CUARTO	LA CAROLINA	197	229	232	243	251
13	184A	RIO CUARTO	MONTE DE LOS GAUCHOS	564	624	621	686	717
3	31	COLON	EL MANZANO	937	931	964	1129	1191
20	279	SAN JUSTO	ARROYITO	16042	17524	18878	19673	20379
3	33	COLON	JESUS MARIA	23411	26313	27143	28407	29710
19	273	SAN JAVIER	LUYABA	1024	982	1062	1208	1298
1	7A	CAPITAL	GUIÑAZU	5368	5917	6541	6638	6787
13	169	RIO CUARTO	CHUCUL	341	341	345	413	431
6	79	GRAL SAN MARTIN	LA PLAYOSA	2309	2546	2703	2848	2905
20	304	SAN JUSTO	MORTEROS	13255	14013	14947	15829	16673
8	113	JUAREZ CELMAN	LOS CISNES	605	623	609	673	760
4	51	CRUZ DEL EJE	PASO VIEJO	824	855	824	978	1035
26	372	UNION	ALTO ALEGRE	911	922	987	1122	1144
1	14K	CAPITAL	VILLA ALLENDE PARQUE	2913	3335	3618	3600	3658
24	352	TOTORAL	LAS PEÑAS	1366	1446	1547	1673	1715
10	138C	MINAS	ESTANCIA DE GUADALUPE	329	379	324	429	413
12	156	PUNILLA	VILLA CARLOS PAZ	44983	48896	53129	54764	56431
6	87	GRAL SAN MARTIN	TICINO	1608	1800	1914	1998	2017
1	10E	CAPITAL	ESTACION FLORES	10284	10922	11531	12118	12899
6	89	GRAL SAN MARTIN	VILLA MARIA	57785	63397	67781	70985	72455
14	205	RIO PRIMERO	LA PUERTA	1677	1780	1879	2012	2102
1	13E	CAPITAL	LA DOROTEA	1008	1164	1251	1215	1263
8	114	JUAREZ CELMAN	OLAETA	524	555	587	644	656
4	43A	CRUZ DEL EJE	LAS CAÑADAS	143	139	132	193	179
8	106	JUAREZ CELMAN	CABRERA	8437	9166	9752	10363	10534
8	108	JUAREZ CELMAN	CHARRAS	870	920	957	1041	1086
16	245	RIO SEGUNDO	VILLA DEL ROSARIO	10796	11385	12340	13005	13476
23	339	TERCERO ARRIBA	DALMACIO VELEZ	1166	1265	1347	1407	1455
7	96A	ISCHILIN	OLIVARES SAN NICOLAS	464	544	574	571	579
6	88	GRAL SAN MARTIN	TIO PUJIO	2560	2759	2886	3107	3192
14	220	RIO PRIMERO	VILLA SANTA ROSA	5990	6315	6836	7267	7465
3	33A	COLON	COLONIA VICENTE AGÜERO	216	235	292	277	269
2	25A	CALAMUCHITA	CALMAYO	106	104	104	126	132
8	116A	JUAREZ CELMAN	PASO DEL DURAZNO	98	90	91	110	122
6	75	GRAL SAN MARTIN	AUSONIA	785	858	890	946	977
3	32	COLON	GENERAL PAZ	1588	1679	1795	1863	1973
13	191A	RIO CUARTO	MALENA	256	249	265	308	318
4	42	CRUZ DEL EJE	BAÑADO DE SOTO	582	576	560	711	722
13	183	RIO CUARTO	VICUÑA MACKENNA	7572	8167	8795	9141	9389
13	164	RIO CUARTO	BAIGORRIA	1465	1589	1642	1757	1816
17	249	ROQUE SAENZ PEÑA	LA CESIRA	1158	1269	1269	1399	1433
4	44	CRUZ DEL EJE	CRUZ DEL EJE	21087	22377	24341	25016	26084
20	305	SAN JUSTO	PORTEÑA	4168	4384	4683	4967	5155
1	10L	CAPITAL	VILLA EL LIBERTADOR	21629	23700	25144	25906	26710
2	17	CALAMUCHITA	EMBALSE	6044	6336	6604	7104	7463
19	268	SAN JAVIER	DOLORES	22840	23687	25603	27232	28139
20	290	SAN JUSTO	EL TIO	1544	1678	1698	1850	1901
13	186	RIO CUARTO	PUEBLO ALBERDI	21565	23034	24454	25649	26548
26	373	UNION	BALLESTEROS	3148	3298	3406	3673	3868
1	14P	CAPITAL	VILLA RIVERA INDARTE	2887	3335	3699	3697	3545
16	237A	RIO SEGUNDO	MANFREDI	768	785	830	918	941
6	83	GRAL SAN MARTIN	PASCO	1020	1107	1134	1195	1248
16	243	RIO SEGUNDO	RIO SEGUNDO	14763	15592	16871	17700	18052
1	12	CAPITAL	AVELLANEDA	7504	7941	8343	8703	9171
8	102	JUAREZ CELMAN	ALEJANDRO	4249	4479	4744	5040	5183
19	275	SAN JAVIER	SAN JOSE	1809	1889	1963	2119	2206
25	371	TULUMBA	TULUMBA	1560	1662	1758	1844	1899
5	72	GENERAL ROCA	VILLA VALERIA	2283	2399	2463	2687	2778
21	323	SANTA MARIA	DESPEÑADEROS	4891	5051	5335	5604	5951
20	278	SAN JUSTO	ALTOS DE CHIPION	1553	1643	1769	1853	1886
5	63	GENERAL ROCA	JOVITA	3623	3962	4119	4281	4398
2	25B	CALAMUCHITA	LOS MOLINOS	255	266	288	301	309
13	177	RIO CUARTO	LAS ACEQUIAS	2177	2241	2278	2569	2638
26	375	UNION	BELL VILLE	25942	27159	29090	30587	31325
20	282	SAN JUSTO	BRINKMANN	7261	7612	8151	8482	8759
1	7E	CAPITAL	MARQUES DE SOBREMONTE	13787	14704	15599	16154	16631
20	298	SAN JUSTO	LAS VARILLAS	12421	13235	14008	14687	14980
26	396	UNION	POSSE	6369	6757	7094	7503	7678
23	336	TERCERO ARRIBA	ALMAFUERTE	8813	9273	9832	10335	10624
1	11K	CAPITAL	VILLA GRAL URQUIZA	9402	10006	10701	11004	11327
1	10H	CAPITAL	PARQUE CAPITAL	10384	11042	11714	12249	12502
7	95	ISCHILIN	DEAN FUNES	16064	16880	17922	18352	19296
20	291	SAN JUSTO	FREYRE	5134	5502	5953	6152	6151
13	160	RIO CUARTO	ACHIRAS	2237	2290	2463	2611	2680
11	144	POCHO	CHANCANI	848	962	990	1010	1015
12	155A	PUNILLA	LOS COCOS	851	895	929	1022	1018
1	14N	CAPITAL	VILLA CORNU	3918	5431	6469	5269	4679
15	227	RIO SECO	RAYO CORTADO	623	613	632	700	743
1	6C	CAPITAL	GRAL PAZ	10155	10733	11160	11792	12107
12	159	PUNILLA	VALLE HERMOSO	4757	5123	5149	5416	5671
26	392	UNION	MORRISON	2931	3015	3108	3317	3492
14	213	RIO PRIMERO	OBISPO TREJO	2071	2173	2225	2407	2467
16	242	RIO SEGUNDO	RINCON	394	396	425	446	469
1	10J	CAPITAL	SANTA ISABEL	10608	11675	12297	12409	12620
1	11B	CAPITAL	DON BOSCO	5665	6389	6582	6708	6739
16	231	RIO SEGUNDO	CAPILLA DEL CARMEN	329	338	346	364	391
22	335	SOBREMONTE	CHAÑAR	2300	2348	2451	2548	2733
8	116	JUAREZ CELMAN	REDUCCION	1260	1290	1367	1425	1497
15	227C	RIO SECO	CHAÑAR VIEJO	172	210	209	207	204
1	10F	CAPITAL	MATIENZO	10837	11829	12203	12454	12833
9	134	MARCOS JUAREZ	MONTE BUEY	4752	5063	5174	5441	5623
1	7G	CAPITAL	PANAMERICANO	10883	11036	11682	12300	12869
9	133	MARCOS JUAREZ	MARCOS JUAREZ	20008	21440	22485	23149	23653
12	153	PUNILLA	LA CUMBRE	6029	6344	6570	7039	7126
4	55	CRUZ DEL EJE	SERREZUELA	2269	2307	2565	2662	2675
23	348	TERCERO ARRIBA	RIO TERCERO	36352	38592	40503	41933	42845
16	230	RIO SEGUNDO	CALCHIN	1876	1996	2056	2150	2211
13	182	RIO CUARTO	LAS VERTIENTES	790	835	894	908	931
13	161	RIO CUARTO	ADELIA MARIA	5482	5756	6039	6341	6453
6	74	GRAL SAN MARTIN	ARROYO CABRAL	2522	2543	2762	2890	2967
20	289	SAN JUSTO	EL FORTIN	1026	1092	1138	1212	1206
1	5D	CAPITAL	MALDONADO	9568	9548	10121	10703	11243
18	266	SAN ALBERTO	SAN VICENTE	1219	1270	1377	1404	1432
25	360A	TULUMBA	EL RODEO	207	202	217	243	243
13	191	RIO CUARTO	SAN BASILIO	2896	3036	3092	3266	3392
8	112	JUAREZ CELMAN	LA CARLOTA	9548	9888	10695	10962	11183
23	342	TERCERO ARRIBA	LAS PERDICES	3758	3962	4034	4278	4401
1	13F	CAPITAL	NUEVA ITALIA	6780	7141	7605	7815	7940
8	107	JUAREZ CELMAN	CARNERILLO	1648	1774	1796	1884	1929
13	184	RIO CUARTO	MOLDES	7003	7420	7829	8120	8195
20	310A	SAN JUSTO	SAN FRANCISCO SECC. NORTE	24016	25070	26071	27103	28054
7	99	ISCHILIN	QUILINO ESTACION	3607	3747	3922	4200	4210
1	4A	CAPITAL	PUEBLO LAS FLORES	15425	16459	17240	17256	17963
1	12F	CAPITAL	JOSE HERNANDEZ	17414	17950	18912	19645	20222
20	311	SAN JUSTO	SAN PEDRO	205	265	281	264	238
2	25	CALAMUCHITA	SAN AGUSTIN	2729	2794	2902	3066	3165
1	4	CAPITAL	NUEVA CORDOBA	18133	18305	19728	20287	21029
13	163	RIO CUARTO	ALPA CORRAL	1064	1086	1069	1215	1233
20	303	SAN JUSTO	MIRAMAR DE ANSENUZA (el DE ANSEUNZA se agrega en 2017)	1854	1869	2023	2081	2148
1	13J	CAPITAL	VILLA AZALAIS	27594	28602	29627	31065	31918
7	93	ISCHILIN	COPACABANA	309	283	310	347	357
26	381	UNION	CINTRA	1230	1258	1272	1350	1421
9	136	MARCOS JUAREZ	ROCA	2299	2285	2476	2587	2648
16	241	RIO SEGUNDO	POZO DEL MOLLE	4852	5110	5236	5578	5585
17	257	ROQUE SAENZ PEÑA	SERRANO	2669	2742	2835	3034	3072
1	11H	CAPITAL	QUEBRADA LAS ROSAS	5914	5959	6459	6639	6802
2	19	CALAMUCHITA	LOS CONDORES	2563	2696	2722	2833	2945
20	294	SAN JUSTO	LA PAQUITA	887	952	968	987	1018
20	293	SAN JUSTO	LA FRANCIA	3125	3271	3423	3530	3581
1	12C	CAPITAL	CORONEL OLMEDO	4048	4143	4362	4524	4632
26	394	UNION	ORDOÑEZ	2082	2169	2183	2356	2381
13	193	RIO CUARTO	TOSQUITA	483	503	520	526	552
13	162	RIO CUARTO	ALCIRA	4837	4952	5194	5508	5527
26	400	UNION	SAN MARCOS SUD	2472	2549	2601	2757	2823
14	212B	RIO PRIMERO	EL CRISPIN	235	227	253	253	268
20	285	SAN JUSTO	DEVOTO	4923	5177	5246	5509	5611
20	306	SAN JUSTO	PROSPERIDAD	481	503	524	553	548
12	154	PUNILLA	LA FALDA	12360	12812	13501	13848	14079
26	377	UNION	BREMEN	210	183	192	246	239
20	307	SAN JUSTO	QUEBRACHO HERRADO	579	635	602	653	658
2	26A	CALAMUCHITA	SEGUNDA USINA	147	116	119	131	167
1	11E	CAPITAL	LOS PLATANOS	14304	14907	15491	15734	16250
4	50	CRUZ DEL EJE	MEDIA NARANJA	814	794	808	862	924
20	314	SAN JUSTO	TRANSITO	2737	2847	2855	3044	3105
6	77	GRAL SAN MARTIN	ETRURIA	3283	3385	3433	3620	3719
11	146	POCHO	SALSACATE	1752	1687	1764	1978	1982
13	166	RIO CUARTO	BERROTARAN	5654	5885	6081	6347	6393
13	174	RIO CUARTO	LA CAUTIVA	692	705	705	736	782
6	78	GRAL SAN MARTIN	LA LAGUNA	1225	1255	1341	1355	1384
20	295	SAN JUSTO	LA TORDILLA	1413	1430	1476	1566	1596
19	267	SAN JAVIER	CONLARA	381	363	391	401	430
16	244	RIO SEGUNDO	SANTIAGO TEMPLE	2171	2280	2364	2425	2448
9	129	MARCOS JUAREZ	ISLA VERDE	3646	3921	4062	4118	4111
8	105	JUAREZ CELMAN	BENGOLEA	881	895	912	971	993
20	288	SAN JUSTO	EL ARAÑADO	1736	1784	1873	1965	1956
21	330A	SANTA MARIA	JOSE DE LA QUINTANA	513	470	454	514	578
13	189	RIO CUARTO	SAMPACHO	6681	6901	7218	7443	7525
20	280	SAN JUSTO	BALNEARIA	5084	5367	5554	5618	5721
13	170	RIO CUARTO	ELENA	2576	2614	2771	2865	2891
26	391	UNION	MONTE MAIZ	5823	6142	6484	6600	6525
6	82	GRAL SAN MARTIN	PALESTINA	507	539	528	539	568
16	235	RIO SEGUNDO	LAGUNA LARGA	6080	6353	6643	6824	6806
8	118	JUAREZ CELMAN	UCACHA	4430	4524	4707	4849	4951
10	139B	MINAS	LA PLAYA	213	235	234	237	238
2	26B	CALAMUCHITA	SAN IGNACIO	137	126	127	130	153
20	283A	SAN JUSTO	COLONIA PICHANAS	163	203	192	170	182
13	171	RIO CUARTO	ESPINILLO	146	149	148	153	163
9	131	MARCOS JUAREZ	LEONES	8434	8651	9021	9334	9409
1	6D	CAPITAL	JUNIORS	6680	6338	6929	7043	7449
5	60	GENERAL ROCA	DEL CAMPILLO	2863	2916	3117	3214	3192
13	181	RIO CUARTO	LOS CUATRO VIENTOS	157	153	159	168	175
26	389	UNION	LABORDE	4710	4853	5005	5210	5244
23	340	TERCERO ARRIBA	HERNANDO	9066	9155	9511	9882	10077
20	308	SAN JUSTO	SACANTA	2685	2771	2791	2940	2984
24	351A	TOTORAL	LA PAMPA	656	664	671	718	729
11	146C	POCHO	LOS TALARES	126	132	115	141	140
16	239	RIO SEGUNDO	ONCATIVO	10974	11312	11812	11976	12193
16	236	RIO SEGUNDO	LAS JUNTURAS	1397	1473	1495	1545	1552
17	248	ROQUE SAENZ PEÑA	LABOULAYE	16514	16994	17566	18058	18335
17	252	ROQUE SAENZ PEÑA	LEVALLE	4609	4733	4968	5066	5116
1	14B	CAPITAL	ARGUELLO PRIMERO	6462	6828	7262	7316	7171
15	226A	RIO SECO	PUESTO DE CASTRO	365	400	374	439	405
5	70	GENERAL ROCA	VILLA HUIDOBRO	4536	4644	4878	4969	5029
1	5A	CAPITAL	COLONIA LOLA	4801	4970	5097	5178	5322
26	378	UNION	CANALS	6973	7091	7548	7708	7714
1	6F	CAPITAL	YAPEYU	7389	7495	7845	7902	8173
1	9D	CAPITAL	POETA LUGONES	8367	8673	9004	9100	9246
7	94	ISCHILIN	CHUÑA	544	533	597	593	601
20	283	SAN JUSTO	CONCEPCION	1654	1606	1659	1767	1826
25	369	TULUMBA	SAN PEDRO NORTE	545	552	542	587	600
8	117	JUAREZ CELMAN	SANTA EUFEMIA	1962	1973	2041	2122	2158
5	62	GENERAL ROCA	ITALO	971	1006	1076	1091	1068
12	156E	PUNILLA	TALA HUASI	211	219	201	235	232
11	145A	POCHO	LAS PALMAS	234	227	225	254	257
9	119	MARCOS JUAREZ	ALEJO LEDESMA	2880	2948	3019	3106	3157
1	4B	CAPITAL	VILLA REVOL	14430	14841	15518	15600	15815
23	337	TERCERO ARRIBA	ASCASUBI	2111	2183	2210	2264	2309
23	341	TERCERO ARRIBA	JAMES CRAIK	4233	4301	4471	4581	4627
8	103	JUAREZ CELMAN	ASSUNTA	86	72	67	74	94
9	125	MARCOS JUAREZ	CORRAL DE BUSTOS	8209	8422	8827	8991	8971
13	178A	RIO CUARTO	LAS ALBAHACAS	424	441	434	440	463
15	228	RIO SECO	SEBASTIAN ELCANO	2373	2280	2449	2514	2589
26	395	UNION	PASCANAS	2255	2346	2435	2474	2458
20	310	SAN JUSTO	SAN FRANCISCO SECC. SUR	26054	26663	27283	27763	28395
16	232	RIO SEGUNDO	CARRILOBO	1593	1649	1705	1705	1735
1	11C	CAPITAL	LAS PALMAS	13087	14037	14779	14810	14249
2	18	CALAMUCHITA	LA CRUZ	1451	1444	1449	1536	1579
17	253	ROQUE SAENZ PEÑA	MELO	1058	1106	1102	1147	1150
1	3	CAPITAL	SECCIONAL TERCERA	19027	18987	19883	19980	20676
20	296	SAN JUSTO	LASPIUR	2199	2187	2201	2376	2386
1	13B	CAPITAL	EL GATEADO	118	162	162	146	128
9	120	MARCOS JUAREZ	ARIAS	6003	6054	6392	6533	6509
1	7D	CAPITAL	COFICO	9041	8475	8690	9141	9791
20	277	SAN JUSTO	ALICIA	2703	2836	2968	3015	2927
14	214	RIO PRIMERO	PIQUILLIN	1569	1602	1666	1676	1699
24	351	TOTORAL	CAÑADA DE LUQUE	1098	1113	1142	1185	1188
26	393	UNION	NOETINGER	4230	4347	4377	4558	4566
1	5	CAPITAL	ALTAMIRA	12947	12893	13463	13676	13933
13	188	RIO CUARTO	RIO CUARTO	71707	74409	76305	77167	76969
23	344	TERCERO ARRIBA	OLIVA	10583	10670	10982	11264	11354
20	313	SAN JUSTO	SEEBER	659	639	637	659	706
1	9E	CAPITAL	PROVIDENCIA	4698	4535	4681	4903	5033
1	2	CAPITAL	SECCIONAL SEGUNDA	5737	5616	5850	5693	6145
5	61	GENERAL ROCA	HUINCA RENANCO	7065	7072	7354	7600	7565
1	10B	CAPITAL	CIUDADELA	11406	11541	11968	12227	12183
3	29A	COLON	TINOCO	265	262	261	263	283
1	7F	CAPITAL	JORGE NEWBERY	7733	8431	8548	8247	8251
23	349	TERCERO ARRIBA	TANCACHA	4605	4631	4677	4818	4912
26	382	UNION	CHILIBROSTE	613	601	612	615	653
18	260	SAN ALBERTO	AMBUL	960	959	974	944	1022
13	194	RIO CUARTO	WASHINGTON	529	524	527	551	563
16	230A	RIO SEGUNDO	CALCHIN OESTE	628	604	647	668	668
20	297	SAN JUSTO	LAS VARAS	1149	1180	1177	1177	1222
16	244A	RIO SEGUNDO	LOS CHAÑARITOS	275	281	285	278	292
23	346	TERCERO ARRIBA	PAMPAYASTA SUD	1203	1243	1269	1271	1274
1	10	CAPITAL	BELLA VISTA	17191	17124	17496	17380	18191
21	329	SANTA MARIA	SAN CLEMENTE	190	161	176	185	201
9	126	MARCOS JUAREZ	CRUZ ALTA	5940	6072	6221	6295	6275
20	301	SAN JUSTO	MARULL	1678	1705	1759	1757	1770
26	397	UNION	SAN ANTONIO	1439	1401	1422	1446	1516
23	338	TERCERO ARRIBA	CORRALITO	1609	1647	1614	1673	1695
1	10G	CAPITAL	OBSERVATORIO	20061	19872	21035	21058	21121
13	175	RIO CUARTO	LA GILDA	76	67	64	73	80
6	76	GRAL SAN MARTIN	CHAZON	973	976	961	994	1024
1	8C	CAPITAL	VILLA LOS PINOS	8082	8187	8377	8417	8468
2	22	CALAMUCHITA	RIO DE LOS SAUCES	1090	1061	1062	1109	1142
13	192	RIO CUARTO	SUCO	452	436	460	477	473
1	10C	CAPITAL	COMERCIAL	6745	6856	6956	6881	7055
25	366	TULUMBA	LUCIO V MANSILLA	1009	1016	1079	1088	1055
1	7B	CAPITAL	ALTA CORDOBA	21765	21793	22364	22648	22752
1	11J	CAPITAL	SANTA ANA	16901	16955	17400	17339	17627
8	110	JUAREZ CELMAN	EL RASTREADOR	71	52	58	60	74
1	14J	CAPITAL	URCA	7728	8073	8164	8063	8049
18	264A	SAN ALBERTO	LOS ESPINILLOS	243	224	230	223	253
20	286	SAN JUSTO	DIEZ DE JULIO	175	161	159	151	182
21	325	SANTA MARIA	LOZADA	1366	1344	1363	1414	1419
16	233	RIO SEGUNDO	COLAZO	1326	1384	1404	1373	1377
16	238	RIO SEGUNDO	MATORRALES	937	953	971	956	973
26	402	UNION	VIAMONTE	1540	1566	1542	1574	1599
14	200	RIO PRIMERO	DIEGO DE ROJAS	490	509	503	503	508
1	8B	CAPITAL	PUEYRREDON	19272	19225	19647	19575	19927
8	111	JUAREZ CELMAN	HUANCHILLA	1138	1251	1211	1212	1176
4	43B	CRUZ DEL EJE	CRUZ DE CAÑA	211	206	203	221	218
13	167	RIO CUARTO	BULNES	1023	1104	1070	1083	1056
9	131A	MARCOS JUAREZ	VILLA ELISA	31	27	26	26	32
21	318	SANTA MARIA	RAFAEL GARCIA	628	611	633	648	648
1	1	CAPITAL	SECCIONAL PRIMERA	15602	15058	15806	15788	16095
20	300	SAN JUSTO	MARINA	1148	1207	1233	1208	1183
5	66	GENERAL ROCA	MATTALDI	1588	1579	1599	1633	1635
1	13H	CAPITAL	PATRICIOS	17040	17351	17594	17310	17543
9	121	MARCOS JUAREZ	BALDISSERA	1934	1978	1985	1992	1988
26	385	UNION	ESCALANTE	1315	1338	1361	1367	1348
9	123	MARCOS JUAREZ	CAMILO ALDAO	4028	3974	3957	4149	4129
15	227A	RIO SECO	RINCONADA	452	456	464	466	463
26	384	UNION	PUEBLO ITALIANO	1562	1553	1580	1585	1594
9	130	MARCOS JUAREZ	LA ITALIANA	662	648	653	639	674
9	132	MARCOS JUAREZ	LOS SURGENTES	2438	2400	2479	2509	2477
15	225	RIO SECO	GUTEMBERG	884	825	839	860	898
26	387	UNION	IDIAZABAL	1443	1417	1464	1470	1460
1	11A	CAPITAL	ALTO ALBERDI	23288	23087	23631	23149	23555
17	255	ROQUE SAENZ PEÑA	ROSALES	539	511	511	540	545
23	337A	TERCERO ARRIBA	CNIA ALMADA	556	543	556	565	562
1	5B	CAPITAL	DEAN FUNES	1868	1874	1905	1892	1888
9	128	MARCOS JUAREZ	INRIVILLE	3419	3495	3404	3487	3450
14	215A	RIO PRIMERO	LA QUINTA	227	222	239	255	229
13	168	RIO CUARTO	CHAJAN	795	861	850	827	801
17	256	ROQUE SAENZ PEÑA	SAN JOAQUIN	145	124	129	146	146
24	356	TOTORAL	SIMBOLAR	328	296	301	319	330
5	59	GENERAL ROCA	BUCHARDO	1767	1734	1712	1803	1777
7	91	ISCHILIN	AVELLANEDA	499	458	435	485	501
1	13A	CAPITAL	AYACUCHO	17010	17413	17868	16822	17047
1	11D	CAPITAL	LOS NARANJOS	12993	12715	12869	12732	13002
1	9A	CAPITAL	LA FRANCE	4984	4990	5088	4942	4987
2	18B	CALAMUCHITA	CALERAS DE CALAMUCHITA	210	214	214	202	210
8	110A	JUAREZ CELMAN	PACHECO DE MELO	84	85	70	72	84
1	9C	CAPITAL	LOS PARAISOS	14116	13993	14055	13942	14098
1	13N	CAPITAL	YOFRE	7604	7548	7590	7489	7591
14	198	RIO PRIMERO	CAPILLA DE REMEDIOS	1078	1069	1068	1065	1075
6	86	GRAL SAN MARTIN	SILVIO PELLICO	635	656	650	630	633
1	9	CAPITAL	ESCOBAR	5958	5968	6072	5873	5916
16	234	RIO SEGUNDO	COSTA SACATE	1400	1413	1426	1377	1386
1	9F	CAPITAL	SAN MARTIN	15444	15194	15398	15226	15282
14	207	RIO PRIMERO	LAS SALADAS	261	249	250	257	258
14	201A	RIO PRIMERO	LAS GRAMILLAS	144	129	133	137	142
1	14F	CAPITAL	GRANJA DE FUNES	6877	7016	7160	6703	6771
26	376	UNION	BISMARCK	428	433	422	415	420
20	299	SAN JUSTO	LUXARDO	371	399	370	358	364
23	347A	TERCERO ARRIBA	LAS ISLETILLAS	265	278	268	262	260
23	349A	TERCERO ARRIBA	GENERAL FOTHERINGHAM	347	354	366	352	340
3	36	COLON	LA PUERTA	357	330	281	347	349
14	222	RIO PRIMERO	VILLA FONTANA	959	942	942	911	933
1	13	CAPITAL	LEANDRO N. ALEM	9539	9366	9501	9241	9268
9	124	MARCOS JUAREZ	CAVANAGH	1099	1078	1069	1056	1065
25	368	TULUMBA	SAN JOSE DE LAS SALINAS	675	641	646	648	654
6	80	GRAL SAN MARTIN	LUCA	606	619	603	588	587
14	201	RIO PRIMERO	COLONIA LAS CUATRO ESQUINAS	126	108	100	114	122
1	12B	CAPITAL	COLON	23755	23252	23471	22939	22935
17	254	ROQUE SAENZ PEÑA	RIO BAMBA	105	86	84	99	101
15	223	RIO SECO	CANDELARIA NORTE	858	749	770	764	825
16	237B	RIO SEGUNDO	PUEBLO LUDUEÑA	205	180	179	189	197
9	127	MARCOS JUAREZ	GUATIMOZIN	2196	2184	2161	2147	2108
1	13C	CAPITAL	GENERAL BUSTOS	14527	14227	14212	13838	13927
17	258	ROQUE SAENZ PEÑA	VILLA ROSSI	611	558	574	568	581
23	345	TERCERO ARRIBA	PAMPAYASTA NORTE	447	412	412	425	424
9	137	MARCOS JUAREZ	SAIRA	805	759	753	755	762
1	9B	CAPITAL	LAS MARGARITAS	8463	8089	8141	7968	8009
11	146A	POCHO	TALA CAÑADA	320	287	283	283	302
26	390	UNION	MONTE LEÑA	564	526	517	514	530
15	226	RIO SECO	LOS HOYOS	476	454	441	453	447
23	343	TERCERO ARRIBA	LOS ZORROS	662	633	608	603	621
1	6	CAPITAL	ALTO GRAL PAZ	5603	5328	5352	5305	5240
23	347	TERCERO ARRIBA	PUNTA DEL AGUA	242	243	234	227	226
9	128A	MARCOS JUAREZ	SALADILLO	151	143	129	136	141
14	199	RIO PRIMERO	CHALACEA	256	226	228	230	239
2	15	CALAMUCHITA	AMBOY	271	254	253	240	253
22	332	SOBREMONTE	POZO NUEVO	593	542	537	561	547
1	9G	CAPITAL	VILLA CABRERA	6371	6150	6060	5899	5859
21	327	SANTA MARIA	MONTE RALO	524	485	469	488	481
5	71	GENERAL ROCA	VILLA SARMIENTO	324	300	299	308	297
1	14M	CAPITAL	VILLA CENTENARIO	10601	10234	10022	9704	9704
2	18C	CALAMUCHITA	VILLA CAÑADA DEL SAUCE	79	70	64	80	72
1	5G	CAPITAL	SAN VICENTE	17419	17037	16564	15859	15742
2	16C	CALAMUCHITA	VILLA BERNA	110	104	96	106	99
19	274	SAN JAVIER	SAN JAVIER	936	971	814	724	841
14	215	RIO PRIMERO	PLAZA DE MERCEDES	141	130	146	140	126
4	48	CRUZ DEL EJE	LA HIGUERA	571	535	521	579	509
11	145	POCHO	POCHO	551	510	508	499	488
22	334	SOBREMONTE	CHUÑAHUASI	382	354	341	344	337
16	236A	RIO SEGUNDO	COLONIA VIDELA	54	37	36	45	47
25	367	TULUMBA	ROSARIO DEL SALADILLO	523	491	468	493	451
15	229A	RIO SECO	EUFRASIO LOZA	238	215	209	205	205
7	92	ISCHILIN	CAÑADA DE RIO PINTO	443	391	399	398	376
14	197	RIO PRIMERO	LA POSTA	407	353	328	337	345
22	333	SOBREMONTE	CAMINIAGA	525	436	429	453	442
14	208	RIO PRIMERO	COMECHINGONES	369	330	319	311	310
5	68	GENERAL ROCA	PINCEN	304	290	291	254	255
24	354	TOTORAL	SANTA CATALINA	302	266	246	234	251
2	18A	CALAMUCHITA	LUTTI	189	187	181	157	157
13	180	RIO CUARTO	LAS PEÑAS	248	250	239	215	206
20	302	SAN JUSTO	MAUNIER	162	157	147	113	134
20	294A	SAN JUSTO	COLONIA VALTELINA	207	217	195	182	171
2	21	CALAMUCHITA	LAS BAJADAS	338	303	286	269	278
4	49	CRUZ DEL EJE	LOS SAUCES	111	104	90	82	91
10	140A	MINAS	OJO DE AGUA DE TOTOX	111	104	83	89	91
1	14L	CAPITAL	VILLA BELGRANO	6296	6110	5819	5310	5134
9	135	MARCOS JUAREZ	CAP.B.O HIGGINS	390	376	345	320	317
26	386	UNION	GOULD	776	696	665	632	628
17	251	ROQUE SAENZ PEÑA	LEGUIZAMON	172	119	106	120	139
20	287	SAN JUSTO	DOS HERMANOS	180	149	141	125	144
1	14D	CAPITAL	CERRO DE LAS ROSAS	8282	7717	7477	6883	6594
14	196	RIO PRIMERO	CAÑADA DE MACHADO	276	252	242	229	219
2	16	CALAMUCHITA	ATHOS PAMPA	210	169	130	151	165
13	190	RIO CUARTO	SAN AMBROSIO	162	163	165	128	125
20	281	SAN JUSTO	BEIRO	254	209	159	155	192
4	47	CRUZ DEL EJE	IGLESIA VIEJA	122	68	99	71	92
10	138B	MINAS	RUMIHUASI	141	128	89	101	103
25	360B	TULUMBA	LA TOMA	200	148	115	115	146
24	350	TOTORAL	CANDELARIA	537	422	376	400	390
20	292	SAN JUSTO	ITURRASPE	155	152	145	112	112
20	291A	SAN JUSTO	COLONIA ANITA	108	92	83	79	78
14	202	RIO PRIMERO	ESQUINA	459	325	327	341	327
1	6B	CAPITAL	CHACRA DE LA MERCED	304	279	280	244	216
5	67	GENERAL ROCA	ONAGOITY	91	82	73	67	64
25	360	TULUMBA	CHURQUI CAÑADA	218	206	183	163	151
5	69	GENERAL ROCA	RANQUELES	66	55	55	51	45
18	261B	SAN ALBERTO	VILLA BENEGAS	71	67	63	48	48
13	176	RIO CUARTO	LA INVERNADA	111	89	75	71	74
7	101	ISCHILIN	TOYOS	134	100	91	82	88
10	139A	MINAS	AGUA DE RAMON	128	115	95	89	84
10	140	MINAS	LA ARGENTINA	296	284	243	216	192
14	209	RIO PRIMERO	MAQUINISTA GALLINI	253	201	191	182	164
26	379	UNION	CARCANO	36	38	33	17	23
14	219	RIO PRIMERO	SAGRADA FAMILIA	274	220	204	181	175
20	279A	SAN JUSTO	EL FUERTECITO	590	486	396	373	375
18	263A	SAN ALBERTO	PAMPA DE ACHALA	228	175	163	122	142
7	91A	ISCHILIN	CANTERAS	37	23	20	23	23
14	195	RIO PRIMERO	ATAHONA	273	219	204	166	165
11	144A	POCHO	LAS JARILLAS	154	113	80	93	91
1	13M	CAPITAL	CAMINO A COLONIA TIROLESA (En 2007 era Villa Retiro)	735	642	618	460	431
5	65	GENERAL ROCA	LECUEDER	33	24	22	18	19
7	98	ISCHILIN	JAIME PETER	106	76	60	55	59
14	221	RIO PRIMERO	EL ALCALDE	199	159	141	116	110
18	260A	SAN ALBERTO	EL VOLCAN	67	63	60	35	37
18	266A	SAN ALBERTO	SAN RAFAEL	273	248	240	158	150
18	265B	SAN ALBERTO	LA CORTADERA	142	132	118	82	78
6	81	GRAL SAN MARTIN	MOJARRAS	114	99	77	68	61
19	269B	SAN JAVIER	EL MANANTIAL	65	42	29	29	34
14	212	RIO PRIMERO	MONTE DEL ROSARIO	253	191	171	146	131
4	53A	CRUZ DEL EJE	LOS LEONES	113	82	64	56	58
18	263B	SAN ALBERTO	LOS CERROS	47	42	35	20	24
4	52	CRUZ DEL EJE	PICHANAS	290	217	254	159	147
14	216	RIO PRIMERO	PUNTA DEL AGUA	75	53	44	38	37
14	217	RIO PRIMERO	QUEBRACHO	177	139	124	93	85
3	39	COLON	SANTA TERESA	124	97	77	63	59
10	141	MINAS	PIEDRITA BLANCA	130	114	89	61	60
10	138A	MINAS	RUMIACO	50	40	27	27	23
25	370A	TULUMBA	LA CAÑADA	60	45	30	28	27
26	396A	UNION	VILLA LOS PATOS	76	61	51	43	34
4	54A	CRUZ DEL EJE	CANTERAS QUILPO	176	138	126	95	78
11	144B	POCHO	EL MEDANITO	158	119	81	64	68
15	224	RIO SECO	ENCRUCIJADA	101	75	50	42	43
6	84	GRAL SAN MARTIN	SANABRIA	80	67	50	40	34
25	363	TULUMBA	ISLA DE SAN ANTONIO	116	82	69	49	49
7	97	ISCHILIN	ISCHILIN	162	103	90	76	65
1	5E	CAPITAL	VILLA BUSTOS (En 2007 era PRIMERO DE MAYO)	10232	5294	4345	4055	4072
14	206	RIO PRIMERO	LAS HERAS	144	100	84	61	57
4	53B	CRUZ DEL EJE	EL ABRA	114	74	51	45	43
15	225A	RIO SECO	LA CAÑADA	226	146	124	89	85
14	210	RIO PRIMERO	BLAS DE ROSALES	245	177	140	106	92
1	6A	CAPITAL	BAJADA DE PIEDRA	792	614	500	340	294
4	51A	CRUZ DEL EJE	SANTA ANA	205	158	128	86	75
25	370	TULUMBA	SANTA CRUZ	252	172	138	97	92
1	7C	CAPITAL	CNO. A PAJAS BLANCAS	22	25	11	11	8
4	43	CRUZ DEL EJE	CANDELARIA	125	93	75	51	40
24	353	TOTORAL	MACHA	210	137	98	76	65
1	7	CAPITAL	AEROPUERTO	403	298	260	150	112
21	322	SANTA MARIA	COSME	176	105	87	50	48
18	259	SAN ALBERTO	ALTAUTINA	73	47	30	21	19
4	53	CRUZ DEL EJE	SAN ANTONIO	110	69	62	31	26
25	365	TULUMBA	LAS MASITAS	60	36	27	16	14
25	362	TULUMBA	EL BAÑADO	148	99	63	39	34
20	312	SAN JUSTO	SAUZE	75	48	36	22	17
13	173	RIO CUARTO	LA ARGENTINA	40	32	27	17	9
2	16B	CALAMUCHITA	CHAMPAQUI	46	38	31	12	10
21	320	SANTA MARIA	BUENA VISTA	110	65	52	27	19
16	242A	RIO SEGUNDO	CAÑADA DE MACHADO SUD	55	32	24	17	8
26	397A	UNION	CORRAL DEL BAJO	163	95	61	13	7
