Seccion	Circuito	Nombre Seccion	Nombre Circuito	Electores 2007	Electores 2011	Electores 2013	Electores 2015	Electores 2017
1	13J	CAPITAL	VILLA AZALAIS	27594	28602	29627	31065	31918
1	12D	CAPITAL	JOSE IGNACIO DIAZ	19031	21122	23466	25343	26913
1	10L	CAPITAL	VILLA EL LIBERTADOR	21629	23700	25144	25906	26710
1	11A	CAPITAL	ALTO ALBERDI	23288	23087	23631	23149	23555
1	12B	CAPITAL	COLON	23755	23252	23471	22939	22935
1	7B	CAPITAL	ALTA CORDOBA	21765	21793	22364	22648	22752
1	10G	CAPITAL	OBSERVATORIO	20061	19872	21035	21058	21121
1	4	CAPITAL	NUEVA CORDOBA	18133	18305	19728	20287	21029
1	3	CAPITAL	SECCIONAL TERCERA	19027	18987	19883	19980	20676
1	12F	CAPITAL	JOSE HERNANDEZ	17414	17950	18912	19645	20222
1	8B	CAPITAL	PUEYRREDON	19272	19225	19647	19575	19927
1	13G	CAPITAL	PARQUE LICEO	11663	14254	15877	17986	18982
1	5C	CAPITAL	EMPALME	10665	15675	17173	17670	18384
1	14A	CAPITAL	ARGUELLO NORTE	11218	13415	15498	17290	18293
1	10	CAPITAL	BELLA VISTA	17191	17124	17496	17380	18191
1	4A	CAPITAL	PUEBLO LAS FLORES	15425	16459	17240	17256	17963
1	11J	CAPITAL	SANTA ANA	16901	16955	17400	17339	17627
1	13H	CAPITAL	PATRICIOS	17040	17351	17594	17310	17543
1	13A	CAPITAL	AYACUCHO	17010	17413	17868	16822	17047
1	7E	CAPITAL	MARQUES DE SOBREMONTE	13787	14704	15599	16154	16631
1	11E	CAPITAL	LOS PLATANOS	14304	14907	15491	15734	16250
1	1	CAPITAL	SECCIONAL PRIMERA	15602	15058	15806	15788	16095
1	11I	CAPITAL	RESIDENCIAL SAN ROQUE	11187	12552	13803	14962	16007
1	4B	CAPITAL	VILLA REVOL	14430	14841	15518	15600	15815
1	5G	CAPITAL	SAN VICENTE	17419	17037	16564	15859	15742
1	9F	CAPITAL	SAN MARTIN	15444	15194	15398	15226	15282
1	11C	CAPITAL	LAS PALMAS	13087	14037	14779	14810	14249
1	9C	CAPITAL	LOS PARAISOS	14116	13993	14055	13942	14098
1	5	CAPITAL	ALTAMIRA	12947	12893	13463	13676	13933
1	13C	CAPITAL	GENERAL BUSTOS	14527	14227	14212	13838	13927
1	11G	CAPITAL	PARQUE REPUBLICA	9622	10748	11928	12985	13858
1	11D	CAPITAL	LOS NARANJOS	12993	12715	12869	12732	13002
1	10E	CAPITAL	ESTACION FLORES	10284	10922	11531	12118	12899
1	7G	CAPITAL	PANAMERICANO	10883	11036	11682	12300	12869
1	10F	CAPITAL	MATIENZO	10837	11829	12203	12454	12833
1	10J	CAPITAL	SANTA ISABEL	10608	11675	12297	12409	12620
1	10H	CAPITAL	PARQUE CAPITAL	10384	11042	11714	12249	12502
1	10B	CAPITAL	CIUDADELA	11406	11541	11968	12227	12183
1	6C	CAPITAL	GRAL PAZ	10155	10733	11160	11792	12107
1	12H	CAPITAL	LOS CERVECEROS	7337	8095	9223	10415	11415
1	11K	CAPITAL	VILLA GRAL URQUIZA	9402	10006	10701	11004	11327
1	5D	CAPITAL	MALDONADO	9568	9548	10121	10703	11243
1	12G	CAPITAL	ITUZAINGO	8630	9342	9995	10548	11101
1	10I	CAPITAL	PARQUE HORIZONTE	8122	8101	9162	9858	10449
1	7D	CAPITAL	COFICO	9041	8475	8690	9141	9791
1	14M	CAPITAL	VILLA CENTENARIO	10601	10234	10022	9704	9704
1	14G	CAPITAL	LOS BOULEVARES	7153	7769	8483	9028	9437
1	13	CAPITAL	LEANDRO N. ALEM	9539	9366	9501	9241	9268
1	9D	CAPITAL	POETA LUGONES	8367	8673	9004	9100	9246
1	12	CAPITAL	AVELLANEDA	7504	7941	8343	8703	9171
1	8C	CAPITAL	VILLA LOS PINOS	8082	8187	8377	8417	8468
1	11F	CAPITAL	LOS ROBLES	4825	5577	6498	7350	8340
1	7F	CAPITAL	JORGE NEWBERY	7733	8431	8548	8247	8251
1	6F	CAPITAL	YAPEYU	7389	7495	7845	7902	8173
1	14J	CAPITAL	URCA	7728	8073	8164	8063	8049
1	9B	CAPITAL	LAS MARGARITAS	8463	8089	8141	7968	8009
1	13F	CAPITAL	NUEVA ITALIA	6780	7141	7605	7815	7940
1	14O	CAPITAL	VILLA 9 DE JULIO	5581	6266	7001	7248	7703
1	13N	CAPITAL	YOFRE	7604	7548	7590	7489	7591
1	6D	CAPITAL	JUNIORS	6680	6338	6929	7043	7449
1	14	CAPITAL	ARGUELLO	4873	5206	6143	6656	7191
1	14B	CAPITAL	ARGUELLO PRIMERO	6462	6828	7262	7316	7171
1	10C	CAPITAL	COMERCIAL	6745	6856	6956	6881	7055
1	11H	CAPITAL	QUEBRADA LAS ROSAS	5914	5959	6459	6639	6802
1	7A	CAPITAL	GUIÑAZU	5368	5917	6541	6638	6787
1	14F	CAPITAL	GRANJA DE FUNES	6877	7016	7160	6703	6771
1	11B	CAPITAL	DON BOSCO	5665	6389	6582	6708	6739
1	14E	CAPITAL	CERRO NORTE	4192	5084	5863	6463	6648
1	14D	CAPITAL	CERRO DE LAS ROSAS	8282	7717	7477	6883	6594
1	13I	CAPITAL	SAN JORGE	4714	5208	5706	6024	6206
1	2	CAPITAL	SECCIONAL SEGUNDA	5737	5616	5850	5693	6145
1	9	CAPITAL	ESCOBAR	5958	5968	6072	5873	5916
1	9G	CAPITAL	VILLA CABRERA	6371	6150	6060	5899	5859
1	12A	CAPITAL	CARCANO	3370	4140	4834	5497	5820
1	10K	CAPITAL	VICOR	2626	3341	4117	4888	5551
1	14I	CAPITAL	SANTA CECILIA	3441	3935	4610	5146	5406
1	5A	CAPITAL	COLONIA LOLA	4801	4970	5097	5178	5322
1	6	CAPITAL	ALTO GRAL PAZ	5603	5328	5352	5305	5240
1	14L	CAPITAL	VILLA BELGRANO	6296	6110	5819	5310	5134
1	5I	CAPITAL	COLINAS DEL SUR	1941	3258	4032	4756	5111
1	10A	CAPITAL	CABILDO	3756	4030	4436	4776	5049
1	12E	CAPITAL	FERREYRA	3811	4026	4425	4774	5033
1	9E	CAPITAL	PROVIDENCIA	4698	4535	4681	4903	5033
1	14C	CAPITAL	ARGUELLO SEGUNDO	3026	3595	4232	4650	5006
1	9A	CAPITAL	LA FRANCE	4984	4990	5088	4942	4987
1	11M	CAPITAL	VALLE ESCONDIDO	423	1509	2764	3960	4742
1	11	CAPITAL	AERONAUTICO	3379	3751	4117	4503	4728
1	5F	CAPITAL	RENACIMIENTO	3131	3635	4087	4482	4715
1	14N	CAPITAL	VILLA CORNU	3918	5431	6469	5269	4679
1	14H	CAPITAL	MERCANTIL	892	1002	1211	3606	4663
1	4C	CAPITAL	INAUDI	3114	3487	3922	4300	4652
1	12C	CAPITAL	CORONEL OLMEDO	4048	4143	4362	4524	4632
1	8A	CAPITAL	PALMAR	2756	3327	3617	3931	4073
1	5E	CAPITAL	VILLA BUSTOS (En 2007 era PRIMERO DE MAYO)	10232	5294	4345	4055	4072
1	14K	CAPITAL	VILLA ALLENDE PARQUE	2913	3335	3618	3600	3658
1	14P	CAPITAL	VILLA RIVERA INDARTE	2887	3335	3699	3697	3545
1	10D	CAPITAL	CONGRESO	2455	2811	3086	3290	3496
1	11L	CAPITAL	COUNTRYS DEL OESTE	1007	1603	2224	2576	2772
1	13D	CAPITAL	JARDIN ARENALES	1515	1859	2199	2553	2733
1	4F	CAPITAL	CIUDAD OBISPO ANGELELLI	880	1355	1735	2325	2679
1	4E	CAPITAL	NUESTRO HOGAR III	260	976	1512	2135	2596
1	12I	CAPITAL	CIUDAD DE MIS SUEÑOS	813	1359	1719	2326	2535
1	13K	CAPITAL	VILLA ESQUIU	1560	1644	1845	2110	2307
1	6E	CAPITAL	LA FLORESTA SUD	852	1308	1677	2121	2291
1	4D	CAPITAL	VILLA EUCARISTICA	795	981	1451	1942	2225
1	5H	CAPITAL	VILLA BOEDO	596	1030	1527	1742	1944
1	5B	CAPITAL	DEAN FUNES	1868	1874	1905	1892	1888
1	10M	CAPITAL	AMPLIACION CABILDO		575	982	1555	1868
1	13O	CAPITAL	CHACHAPOYAS	382	682	904	1265	1382
1	14Q	CAPITAL	VILLA WARCALDE	724	883	1028	1168	1266
1	13E	CAPITAL	LA DOROTEA	1008	1164	1251	1215	1263
1	8	CAPITAL	LA FLORESTA NORTE	412	523	598	702	784
1	13L	CAPITAL	VILLA GRAN PARQUE	223	301	372	420	461
1	13M	CAPITAL	CAMINO A COLONIA TIROLESA (En 2007 era Villa Retiro)	735	642	618	460	431
1	6A	CAPITAL	BAJADA DE PIEDRA	792	614	500	340	294
1	6B	CAPITAL	CHACRA DE LA MERCED	304	279	280	244	216
1	13B	CAPITAL	EL GATEADO	118	162	162	146	128
1	7	CAPITAL	AEROPUERTO	403	298	260	150	112
1	7C	CAPITAL	CNO. A PAJAS BLANCAS	22	25	11	11	8
